{
  "ruta_csv": "Maternal Health Risk Data Set.csv",
  "mejor_cromosoma": [
    10.449021652234595,
    12.243029794353381,
    16.025191568792565,
    20.68282218053348,
    18.769517971104374,
    22.84928071328811,
    40.41777134580624,
    42.18757250302646,
    35.21338842476731,
    41.55394739160094,
    73.26826742819277,
    74.64270092258367,
    65.41901029836713,
    67.37140092618174,
    83.7595289171112,
    95.13298636330964,
    89.5574695484552,
    98.38102090122297,
    120.23150656849526,
    127.79580674632723,
    124.85422224393886,
    129.53106041350298,
    136.35850146017629,
    141.11983073287718,
    138.4308294814685,
    140.8167240007542,
    153.5217348671585,
    161.72598832344724,
    158.43993180025294,
    159.74028089927788,
    167.76757966005147,
    169.83426818816122,
    45.70556835075528,
    48.26219844796708,
    54.41134296676806,
    58.29025981221767,
    56.16438404244093,
    60.741709429114024,
    74.12289214441167,
    83.59004014340614,
    81.98348488720339,
    83.91797855857654,
    89.29694608360407,
    91.78367768833954,
    90.24150527620483,
    95.94181452649929,
    104.43443567636743,
    109.0390047070922,
    107.15905292603392,
    116.02148649512498,
    138.91003879119353,
    139.69378972488545,
    6.255387449526229,
    7.149062805135335,
    8.408395063952995,
    9.08352472637609,
    8.311810024494017,
    8.854206607861636,
    9.469166504805557,
    11.197181851870397,
    10.584094669493961,
    11.871685509877354,
    19.807198405659715,
    19.996289251344184,
    97.03684364984406,
    97.46822623187305,
    99.01161230515035,
    99.68218092290186,
    99.32200507372956,
    99.65002218763655,
    100.14101982812306,
    100.68816201175574,
    100.34459788446202,
    101.00781954468914,
    101.8716920572144,
    102.39241897310336,
    101.98187730014538,
    102.44323302669379,
    103.89941932464254,
    103.99495162637601,
    55.03163509073057,
    55.17675122896746,
    62.655878828746864,
    67.33051705514275,
    65.32987269353399,
    70.46913171583896,
    78.7449901380631,
    83.98856770093192,
    79.58959843607849,
    86.26937937763036,
    94.78778905125588,
    96.10545366152644,
    95.42617482309018,
    96.11340111954729,
    97.19641623944125,
    97.93326067058163,
    97.63944879355932,
    99.06454601499331,
    99.70206336413146,
    99.95991588454112
  ],
  "fitness": 0.3366105207853304,
  "macro_f1_validacion": 0.4195331465919701,
  "recall_alto_validacion": 0.21951219512195122,
  "generaciones": 50
}