{
  "ruta_csv": "Maternal Health Risk Data Set.csv",
  "mejor_cromosoma": [
    10.311275428272257,
    13.035226445375237,
    19.363023417505975,
    25.683339654055466,
    23.01263219532811,
    26.10685958885243,
    32.33190471310273,
    36.78168579614774,
    33.34287155175746,
    35.563174046255526,
    67.08425881171465,
    69.1876932457215,
    70.08850844660692,
    72.03321530528932,
    110.24589560060753,
    119.16033034926997,
    115.60410795732969,
    122.9746148945845,
    131.34223605111464,
    138.6761469899963,
    134.3899709162579,
    143.93372127495184,
    154.06383212393567,
    158.68377307292047,
    49.0,
    49.0,
    69.7966121152496,
    81.26224182422077,
    77.53511589010104,
    83.60541152446473,
    89.5761789206991,
    92.29600307593141,
    91.88160634370536,
    96.1130798532548,
    100.0,
    100.0,
    6.0041583888942895,
    6.070600295370669,
    6.374353188456954,
    8.01123109938657,
    7.874377309027632,
    9.046039785404545,
    12.375918402365446,
    13.877354017985645,
    12.472598432634257,
    13.866862278897262,
    18.584813637812353,
    18.947005755148332,
    97.0,
    97.16140353320016,
    98.37205310360258,
    99.50360334828697,
    98.94258606501204,
    100.09469620884744,
    100.89567997093259,
    101.3012045255914,
    100.90606747145756,
    101.0571748627966,
    102.87773449088661,
    102.95244057812307,
    60.23040064813105,
    61.370543029124065,
    71.8959199120059,
    79.99780487872295,
    78.70147173354607,
    80.90077827810596,
    88.25861102131077,
    89.86601482858639
  ],
  "fitness": 0.7088164259450896,
  "macro_f1_validacion": 0.5823079026524473,
  "recall_alto_validacion": 0.9512195121951219,
  "generaciones": 60
}