{
  "ruta_csv": "Maternal Health Risk Data Set.csv",
  "mejor_cromosoma": [
    10.042244504370746,
    10.88084011355009,
    19.843510253561348,
    27.075112775375885,
    25.889161475692937,
    28.43896185046419,
    33.18902483982314,
    36.220339888801604,
    33.76177702150489,
    36.1678183128125,
    67.99664022138798,
    69.55432361050889,
    70.0,
    70.0,
    104.3050934874564,
    120.0495387357513,
    110.8757550567247,
    130.0762722697634,
    140.72979076461476,
    144.75061779842974,
    139.99852148868584,
    147.82426217221544,
    158.85237326607097,
    159.71016006679756,
    49.0,
    49.0,
    68.75470302868416,
    80.13717058424149,
    77.88496453114665,
    85.35933679125198,
    87.49762107936947,
    90.29458901250969,
    90.2297566328943,
    93.94879099073744,
    100.0,
    100.0,
    6.0011640484173965,
    6.063364978377146,
    7.251122366426667,
    7.978057546035716,
    7.857755978757982,
    9.213311946905835,
    11.709021025750218,
    13.742891948507468,
    12.180737847513068,
    14.00988550087537,
    18.295815599922392,
    18.91267468233905,
    97.02452975356783,
    97.38672296609658,
    98.13551884558706,
    99.56915571112356,
    99.11620230696855,
    99.88216237507034,
    100.79673110831402,
    101.41678927614865,
    100.8340607916661,
    101.03342530648595,
    102.8795907650186,
    102.99350822173717,
    60.088397845147156,
    61.16252667031958,
    72.29908150940551,
    78.56850676186144,
    76.533271719776,
    81.51376217524384,
    89.57901654963496,
    90.0
  ],
  "fitness": 0.7175586354657856,
  "macro_f1_validacion": 0.6082634717469023,
  "recall_alto_validacion": 0.926829268292683,
  "generaciones": 60
}