{
  "ruta_csv": "C:\\Users\\josue\\Desktop\\proyecto_ia (actual)\\backend\\src\\riesgo_materno\\datos\\Maternal Health Risk Data Set.csv",
  "mejor_cromosoma": [
    10.060674419633866,
    10.879113109434922,
    20.131997733779396,
    25.73046211127977,
    21.894362464133803,
    28.55109994240788,
    34.10058205603576,
    38.43043475267487,
    38.060906895166084,
    39.749879516452985,
    68.62937720351198,
    69.91131085288762,
    70.83469907354174,
    73.15520338787354,
    108.61695842004657,
    125.23224319928437,
    121.30831308739499,
    127.23644557374737,
    138.0703346287024,
    145.45516796358618,
    140.20123045057397,
    147.86607056896764,
    157.326285844959,
    159.86725007477787,
    49.195196787224354,
    49.27805327252764,
    70.83112535892772,
    80.13206473643304,
    77.03848477009952,
    81.33259009606172,
    88.29214683039945,
    90.72262527302702,
    88.32819962158771,
    93.70253929731967,
    100.0,
    100.0,
    6.008092544359011,
    6.210671352127319,
    7.514317311736237,
    8.45083029237774,
    8.124354693533439,
    9.99035279441448,
    11.80980927711889,
    13.702139482763194,
    12.195336310364972,
    14.037664767696093,
    19.0,
    19.0,
    97.09136849908451,
    97.24219885212813,
    98.55776980408577,
    99.49218833777017,
    98.9677243478428,
    100.02062513074375,
    101.15866527407297,
    101.44408706636958,
    100.85581348237656,
    101.59211586173762,
    102.96643945843375,
    102.9991133742761,
    60.06661020210254,
    60.607737131838554,
    70.86159849181448,
    79.7640574302759,
    76.43299679680116,
    82.32547687685498,
    89.51121991017541,
    89.92366697522584
  ],
  "fitness": 0.8023688898070491,
  "macro_f1_validacion": 0.7781047046027525,
  "recall_alto_validacion": 0.8780487804878049,
  "generaciones": 60,
  "historial": [
    {
      "generacion": 0,
      "mejor_fitness": 0.7659707077524419,
      "fitness_promedio": 0.5178063128099398,
      "macro_f1_validacion": 0.7367414362719527,
      "recall_alto_validacion": 0.8536585365853658
    },
    {
      "generacion": 1,
      "mejor_fitness": 0.7659707077524419,
      "fitness_promedio": 0.6222663226122731,
      "macro_f1_validacion": 0.7367414362719527,
      "recall_alto_validacion": 0.8536585365853658
    },
    {
      "generacion": 2,
      "mejor_fitness": 0.7659707077524419,
      "fitness_promedio": 0.6512390602202264,
      "macro_f1_validacion": 0.7367414362719527,
      "recall_alto_validacion": 0.8536585365853658
    },
    {
      "generacion": 3,
      "mejor_fitness": 0.7659707077524419,
      "fitness_promedio": 0.6826245865763657,
      "macro_f1_validacion": 0.7367414362719527,
      "recall_alto_validacion": 0.8536585365853658
    },
    {
      "generacion": 4,
      "mejor_fitness": 0.7659707077524419,
      "fitness_promedio": 0.709786640953203,
      "macro_f1_validacion": 0.7367414362719527,
      "recall_alto_validacion": 0.8536585365853658
    },
    {
      "generacion": 5,
      "mejor_fitness": 0.7659707077524419,
      "fitness_promedio": 0.7231683885856516,
      "macro_f1_validacion": 0.7367414362719527,
      "recall_alto_validacion": 0.8536585365853658
    },
    {
      "generacion": 6,
      "mejor_fitness": 0.7659707077524419,
      "fitness_promedio": 0.7189645213968019,
      "macro_f1_validacion": 0.7367414362719527,
      "recall_alto_validacion": 0.8536585365853658
    },
    {
      "generacion": 7,
      "mejor_fitness": 0.7659707077524419,
      "fitness_promedio": 0.7294962841553821,
      "macro_f1_validacion": 0.7367414362719527,
      "recall_alto_validacion": 0.8536585365853658
    },
    {
      "generacion": 8,
      "mejor_fitness": 0.7659707077524419,
      "fitness_promedio": 0.723779197540117,
      "macro_f1_validacion": 0.7367414362719527,
      "recall_alto_validacion": 0.8536585365853658
    },
    {
      "generacion": 9,
      "mejor_fitness": 0.7659707077524419,
      "fitness_promedio": 0.7303656623535495,
      "macro_f1_validacion": 0.7367414362719527,
      "recall_alto_validacion": 0.8536585365853658
    },
    {
      "generacion": 10,
      "mejor_fitness": 0.7659707077524419,
      "fitness_promedio": 0.7224108707684158,
      "macro_f1_validacion": 0.7367414362719527,
      "recall_alto_validacion": 0.8536585365853658
    },
    {
      "generacion": 11,
      "mejor_fitness": 0.7855258493822057,
      "fitness_promedio": 0.7306461512195067,
      "macro_f1_validacion": 0.7637484552297495,
      "recall_alto_validacion": 0.8536585365853658
    },
    {
      "generacion": 12,
      "mejor_fitness": 0.7855258493822057,
      "fitness_promedio": 0.7339431455404883,
      "macro_f1_validacion": 0.7637484552297495,
      "recall_alto_validacion": 0.8536585365853658
    },
    {
      "generacion": 13,
      "mejor_fitness": 0.7855258493822057,
      "fitness_promedio": 0.7305725054038067,
      "macro_f1_validacion": 0.7637484552297495,
      "recall_alto_validacion": 0.8536585365853658
    },
    {
      "generacion": 14,
      "mejor_fitness": 0.7855258493822057,
      "fitness_promedio": 0.742052150180004,
      "macro_f1_validacion": 0.7637484552297495,
      "recall_alto_validacion": 0.8536585365853658
    },
    {
      "generacion": 15,
      "mejor_fitness": 0.7856343624373383,
      "fitness_promedio": 0.7432487244661508,
      "macro_f1_validacion": 0.7637484552297495,
      "recall_alto_validacion": 0.8536585365853658
    },
    {
      "generacion": 16,
      "mejor_fitness": 0.7856418679071847,
      "fitness_promedio": 0.7569890989551032,
      "macro_f1_validacion": 0.7637484552297495,
      "recall_alto_validacion": 0.8536585365853658
    },
    {
      "generacion": 17,
      "mejor_fitness": 0.7856418679071847,
      "fitness_promedio": 0.7694521048549489,
      "macro_f1_validacion": 0.7637484552297495,
      "recall_alto_validacion": 0.8536585365853658
    },
    {
      "generacion": 18,
      "mejor_fitness": 0.7856520798160621,
      "fitness_promedio": 0.7721399516874832,
      "macro_f1_validacion": 0.7637484552297495,
      "recall_alto_validacion": 0.8536585365853658
    },
    {
      "generacion": 19,
      "mejor_fitness": 0.790880775280428,
      "fitness_promedio": 0.7781093453147647,
      "macro_f1_validacion": 0.7710693011158654,
      "recall_alto_validacion": 0.8536585365853658
    },
    {
      "generacion": 20,
      "mejor_fitness": 0.7908807752949333,
      "fitness_promedio": 0.771452492608369,
      "macro_f1_validacion": 0.7710693011158654,
      "recall_alto_validacion": 0.8536585365853658
    },
    {
      "generacion": 21,
      "mejor_fitness": 0.7909022358739708,
      "fitness_promedio": 0.7807029321903065,
      "macro_f1_validacion": 0.7710693011158654,
      "recall_alto_validacion": 0.8536585365853658
    },
    {
      "generacion": 22,
      "mejor_fitness": 0.79108958429215,
      "fitness_promedio": 0.7739715921840288,
      "macro_f1_validacion": 0.7710693011158654,
      "recall_alto_validacion": 0.8536585365853658
    },
    {
      "generacion": 23,
      "mejor_fitness": 0.7911128347518194,
      "fitness_promedio": 0.7743441320383586,
      "macro_f1_validacion": 0.7710693011158654,
      "recall_alto_validacion": 0.8536585365853658
    },
    {
      "generacion": 24,
      "mejor_fitness": 0.7911128347518194,
      "fitness_promedio": 0.7819246066553518,
      "macro_f1_validacion": 0.7710693011158654,
      "recall_alto_validacion": 0.8536585365853658
    },
    {
      "generacion": 25,
      "mejor_fitness": 0.7911128347518194,
      "fitness_promedio": 0.7798292605480428,
      "macro_f1_validacion": 0.7710693011158654,
      "recall_alto_validacion": 0.8536585365853658
    },
    {
      "generacion": 26,
      "mejor_fitness": 0.7911128347518194,
      "fitness_promedio": 0.7831704349491495,
      "macro_f1_validacion": 0.7710693011158654,
      "recall_alto_validacion": 0.8536585365853658
    },
    {
      "generacion": 27,