{
  "ruta_csv": "C:\\Users\\josue\\Desktop\\proyecto_ia (actual)\\src\\riesgo_materno\\datos\\Maternal Health Risk Data Set.csv",
  "mejor_cromosoma": [
    10.55318368662011,
    11.056325615184148,
    19.22849298886661,
    27.645740529487952,
    24.478794791932103,
    27.610308641102,
    33.86730812053661,
    38.78699834672385,
    36.895657332737954,
    42.31990041200305,
    69.91846402601522,
    69.98081580535697,
    70.20652241418247,
    72.05289908032995,
    111.60567111078333,
    123.76352846971534,
    119.99485300603746,
    125.76239802964042,
    135.19638749994215,
    143.41434190157108,
    136.388495219147,
    141.29930604174854,
    159.6182190023365,
    159.9746530134681,
    49.0,
    49.0,
    68.96689374764952,
    81.28767425445008,
    76.26731602210694,
    87.3267989198734,
    91.09912805105205,
    93.97617568145455,
    91.89346753889421,
    94.7802736977088,
    99.5650503305642,
    99.9865673388928,
    6.0,
    6.940185969522306,
    7.539781241555511,
    7.969345314087189,
    7.63923307721498,
    10.564863017958809,
    12.182121197131874,
    13.589466763599567,
    11.840933368191148,
    14.096908438257145,
    19.0,
    19.0,
    97.02287619276808,
    97.16451615816962,
    98.58406301849837,
    99.56561455381708,
    99.01871752893013,
    99.93232475603591,
    100.97918320109457,
    101.17207845523797,
    100.57166726505125,
    101.28128536698335,
    102.69174093172776,
    102.7884575796457,
    60.026006475073515,
    61.36974974757473,
    70.79362486111046,
    79.8659737784273,
    77.6276104503795,
    83.0380949707969,
    89.60716882998226,
    89.95838310062032
  ],
  "fitness": 0.5578855281390757,
  "macro_f1_validacion": 0.596975610446581,
  "recall_alto_validacion": 0.926829268292683,
  "generaciones": 60
}