{
  "ruta_csv": "C:\\Users\\josue\\Desktop\\proyecto_ia (actual)\\backend\\src\\riesgo_materno\\datos\\Maternal Health Risk Data Set.csv",
  "mejor_cromosoma": [
    10.669130466141915,
    13.051347759581878,
    18.42132306458207,
    27.63502365754138,
    23.266035427975275,
    28.328743634119945,
    34.62550512558118,
    38.64976973423965,
    36.63800513015765,
    44.322170968783226,
    66.72482531445948,
    68.87144815986112,
    72.17059044522072,
    76.50232886442444,
    109.43125371895795,
    121.89945611123358,
    118.25351896733189,
    120.2451848765028,
    129.82561514946443,
    131.65229491816282,
    127.87902552332824,
    136.12913986083854,
    153.6021972457244,
    159.16770669073608,
    49.14049610851012,
    55.12992032803538,
    69.75246506592943,
    76.93775793590218,
    74.33645797704392,
    80.91536121954748,
    83.08209742510837,
    92.13938576408435,
    90.57387383260097,
    94.46559869512757,
    97.33500014083481,
    98.56842912674155,
    6.124204349139937,
    9.040347435711993,
    9.351200979261852,
    10.043965328948357,
    9.09308263458946,
    9.765326315409032,
    12.576999833728884,
    13.581750821175902,
    12.418681732863664,
    14.467650170541333,
    17.87452787878479,
    18.696174991216257,
    97.14766793781612,
    97.8018662594279,
    98.45485960753919,
    99.53392760706168,
    99.1287288149587,
    99.9940173750857,
    100.92090084691426,
    101.25383048059203,
    100.69116542346907,
    101.06748415351036,
    102.55852808979955,
    102.8829602805661,
    60.76663406659672,
    62.22740593030448,
    71.96554170307815,
    80.4893951917044,
    77.75670319813952,
    82.21204732444995,
    88.39235887541385,
    89.25868007201908
  ],
  "fitness": 0.6339132102048669,
  "macro_f1_validacion": 0.5720052387827109,
  "recall_alto_validacion": 0.8292682926829268,
  "generaciones": 60
}