{
  "ruta_csv": "C:\\Users\\josue\\Desktop\\proyecto_ia (actual)\\backend\\src\\riesgo_materno\\datos\\Maternal Health Risk Data Set.csv",
  "mejor_cromosoma": [
    10.0,
    10.114969274546954,
    20.113632098349967,
    26.46767853055872,
    21.769256052481808,
    27.29506631110803,
    33.09051616352066,
    38.06441477899868,
    34.435078725632636,
    40.02035743405756,
    69.63434609935658,
    69.97451647462185,
    70.0,
    70.0,
    108.66742998409512,
    125.09965841128468,
    122.25846753898378,
    129.39903568575696,
    137.9933896925315,
    144.59926559601158,
    139.87758476479087,
    148.2488947077005,
    159.6767055122329,
    159.99758027611796,
    49.03717109996698,
    49.482237905088994,
    70.16869276910118,
    79.78878582195333,
    75.6904582659865,
    82.00353729109288,
    89.59573593574092,
    93.44654124574917,
    91.22957720857437,
    95.827285249808,
    100.0,
    100.0,
    6.0,
    6.0,
    7.401665801491825,
    8.483935058127642,
    7.906962944521279,
    9.148428089000436,
    11.892219681800835,
    13.739329993210312,
    12.144639134924788,
    13.593376993361742,
    19.0,
    19.0,
    97.0,
    97.01538248074482,
    98.52102892966863,
    99.42952414176625,
    98.98791001231729,
    99.98677462937809,
    101.01942574403574,
    101.35605682085748,
    101.03863664106905,
    101.55248122210472,
    102.90454674688414,
    102.99050953328808,
    60.05860052589105,
    60.6005421150003,
    71.72498961055362,
    79.93322564740762,
    75.96860367099444,
    81.99482061762251,
    89.52959909763382,
    89.99952539387755
  ],
  "fitness": 0.7479245995013987,
  "macro_f1_validacion": 0.7537676541203465,
  "recall_alto_validacion": 0.7317073170731707,
  "generaciones": 60,
  "historial": [
    {
      "generacion": 0,
      "mejor_fitness": 0.7088372193067392,
      "fitness_promedio": 0.468671474059978,
      "macro_f1_validacion": 0.7174740207833733,
      "recall_alto_validacion": 0.6829268292682927
    },
    {
      "generacion": 1,
      "mejor_fitness": 0.7088372193067392,
      "fitness_promedio": 0.5896074322092479,
      "macro_f1_validacion": 0.7174740207833733,
      "recall_alto_validacion": 0.6829268292682927
    },
    {
      "generacion": 2,
      "mejor_fitness": 0.7088372193067392,
      "fitness_promedio": 0.6094628158744887,
      "macro_f1_validacion": 0.7174740207833733,
      "recall_alto_validacion": 0.6829268292682927
    },
    {
      "generacion": 3,
      "mejor_fitness": 0.7088372193067392,
      "fitness_promedio": 0.6200131865490194,
      "macro_f1_validacion": 0.7174740207833733,
      "recall_alto_validacion": 0.6829268292682927
    },
    {
      "generacion": 4,
      "mejor_fitness": 0.7088372193067392,
      "fitness_promedio": 0.6425411637047285,
      "macro_f1_validacion": 0.7174740207833733,
      "recall_alto_validacion": 0.6829268292682927
    },
    {
      "generacion": 5,
      "mejor_fitness": 0.7125399945344756,
      "fitness_promedio": 0.6655862997688452,
      "macro_f1_validacion": 0.7225646513286962,
      "recall_alto_validacion": 0.6829268292682927
    },
    {
      "generacion": 6,
      "mejor_fitness": 0.7136624378055998,
      "fitness_promedio": 0.6750738341871386,
      "macro_f1_validacion": 0.724002989362779,
      "recall_alto_validacion": 0.6829268292682927
    },
    {
      "generacion": 7,
      "mejor_fitness": 0.7136624378055998,
      "fitness_promedio": 0.6910864025092431,
      "macro_f1_validacion": 0.724002989362779,
      "recall_alto_validacion": 0.6829268292682927
    },
    {
      "generacion": 8,
      "mejor_fitness": 0.7150959370463108,
      "fitness_promedio": 0.696436468158865,
      "macro_f1_validacion": 0.7259655892749418,
      "recall_alto_validacion": 0.6829268292682927
    },
    {
      "generacion": 9,
      "mejor_fitness": 0.7176411709345503,
      "fitness_promedio": 0.702763598991264,
      "macro_f1_validacion": 0.7294452347083927,
      "recall_alto_validacion": 0.6829268292682927
    },
    {
      "generacion": 10,
      "mejor_fitness": 0.7187659265032157,
      "fitness_promedio": 0.7033051966302145,
      "macro_f1_validacion": 0.7310882310882311,
      "recall_alto_validacion": 0.6829268292682927
    },
    {
      "generacion": 11,
      "mejor_fitness": 0.7413230940838849,
      "fitness_promedio": 0.7150962898038854,
      "macro_f1_validacion": 0.7448783248443691,
      "recall_alto_validacion": 0.7317073170731707
    },
    {
      "generacion": 12,
      "mejor_fitness": 0.7440013936055676,
      "fitness_promedio": 0.7144638153421207,
      "macro_f1_validacion": 0.7485041105178404,
      "recall_alto_validacion": 0.7317073170731707
    },
    {
      "generacion": 13,
      "mejor_fitness": 0.7440013936055676,
      "fitness_promedio": 0.715322398811738,
      "macro_f1_validacion": 0.7485041105178404,
      "recall_alto_validacion": 0.7317073170731707
    },
    {
      "generacion": 14,
      "mejor_fitness": 0.7440013936055676,
      "fitness_promedio": 0.7150052923819713,
      "macro_f1_validacion": 0.7485041105178404,
      "recall_alto_validacion": 0.7317073170731707
    },
    {
      "generacion": 15,
      "mejor_fitness": 0.7440013936055676,
      "fitness_promedio": 0.7172670671401953,
      "macro_f1_validacion": 0.7485041105178404,
      "recall_alto_validacion": 0.7317073170731707
    },
    {
      "generacion": 16,
      "mejor_fitness": 0.7440013936055676,
      "fitness_promedio": 0.7244925998268344,
      "macro_f1_validacion": 0.7485041105178404,
      "recall_alto_validacion": 0.7317073170731707
    },
    {
      "generacion": 17,
      "mejor_fitness": 0.7440042801435126,
      "fitness_promedio": 0.7234972111211563,
      "macro_f1_validacion": 0.7485041105178404,
      "recall_alto_validacion": 0.7317073170731707
    },
    {
      "generacion": 18,
      "mejor_fitness": 0.7440042801435126,
      "fitness_promedio": 0.73506247709383,
      "macro_f1_validacion": 0.7485041105178404,
      "recall_alto_validacion": 0.7317073170731707
    },
    {
      "generacion": 19,
      "mejor_fitness": 0.7440084489839021,
      "fitness_promedio": 0.7309755510834113,
      "macro_f1_validacion": 0.7485041105178404,
      "recall_alto_validacion": 0.7317073170731707
    },
    {
      "generacion": 20,
      "mejor_fitness": 0.7440190427915175,
      "fitness_promedio": 0.738132864603905,
      "macro_f1_validacion": 0.7485041105178404,
      "recall_alto_validacion": 0.7317073170731707
    },
    {
      "generacion": 21,
      "mejor_fitness": 0.74402974899698,
      "fitness_promedio": 0.7364342329060952,
      "macro_f1_validacion": 0.7485041105178404,
      "recall_alto_validacion": 0.7317073170731707
    },
    {
      "generacion": 22,
      "mejor_fitness": 0.74402974899698,
      "fitness_promedio": 0.7339658024496322,
      "macro_f1_validacion": 0.7485041105178404,
      "recall_alto_validacion": 0.7317073170731707
    },
    {
      "generacion": 23,
      "mejor_fitness": 0.74402974899698,
      "fitness_promedio": 0.7331552701368956,
      "macro_f1_validacion": 0.7485041105178404,
      "recall_alto_validacion": 0.7317073170731707
    },
    {
      "generacion": 24,
      "mejor_fitness": 0.74402974899698,
      "fitness_promedio": 0.7283723674122115,
      "macro_f1_validacion": 0.7485041105178404,
      "recall_alto_validacion": 0.7317073170731707
    },
    {
      "generacion": 25,
      "mejor_fitness": 0.7440333757567859,
      "fitness_promedio": 0.7328116950048078,
      "macro_f1_validacion": 0.7485041105178404,
      "recall_alto_validacion": 0.7317073170731707
    },
    {
      "generacion": 26,
      "mejor_fitness": 0.7440333757567859,
      "fitness_promedio": 0.7352801288386073,
      "macro_f1_validacion": 0.7485041105178404,
      "recall_alto_validacion": 0.7317073170731707
    },
    {
      "generacion": 27,
      "mejor_fitness": 0.7440333757567859,
      "fitness_promedio": 0.7273865343721586,