{
  "ruta_csv": "C:\\Users\\josue\\Desktop\\proyecto_ia (actual)\\backend\\src\\riesgo_materno\\datos\\Maternal Health Risk Data Set.csv",
  "mejor_cromosoma": [
    10.002854935343622,
    10.15170035017014,
    17.17485849823275,
    27.979726270851383,
    23.985707952245747,
    27.68716053591875,
    33.977653226548696,
    40.789056944318745,
    35.76978283407261,
    40.392654169408445,
    69.28420189886447,
    70.0,
    70.00858737440365,
    71.71472908879147,
    110.02625300492275,
    125.12490104395772,
    119.51290900830199,
    128.0184182332201,
    139.53807576104208,
    145.5828770705706,
    140.01506686034452,
    148.15350962757608,
    158.88034685732208,
    159.9080884464228,
    49.0,
    49.0,
    69.92848058448202,
    80.0,
    76.06534567480915,
    82.22702213144042,
    90.40760253982327,
    93.86289862516671,
    91.47694258913191,
    95.38160505710769,
    100.0,
    100.0,
    6.0,
    6.0,
    7.462624910505578,
    8.508859126622374,
    7.989552458884236,
    9.018198429458533,
    11.965943908174538,
    13.88072459397404,
    12.258462205853627,
    13.843207446003646,
    19.0,
    19.0,
    97.00180905446973,
    97.0131101810532,
    98.53075223923616,
    99.51882406561046,
    99.00012713502463,
    99.99977767369577,
    101.00018848645847,
    101.5,
    101.00176482072291,
    101.50014212803187,
    103.0,
    103.0,
    60.0,
    60.0,
    72.03741183410226,
    80.0,
    76.0,
    81.93668652837079,
    89.9085725599387,
    89.95842560889962
  ],
  "fitness": 0.8025985469626953,
  "macro_f1_validacion": 0.7696078431372548,
  "recall_alto_validacion": 0.9024390243902439,
  "generaciones": 60,
  "historial": [
    {
      "generacion": 0,
      "mejor_fitness": 0.7841599737391027,
      "fitness_promedio": 0.5601076066318316,
      "macro_f1_validacion": 0.7528637096200207,
      "recall_alto_validacion": 0.8780487804878049
    },
    {
      "generacion": 1,
      "mejor_fitness": 0.7841599737391027,
      "fitness_promedio": 0.6586614851492376,
      "macro_f1_validacion": 0.7528637096200207,
      "recall_alto_validacion": 0.8780487804878049
    },
    {
      "generacion": 2,
      "mejor_fitness": 0.7874513495972549,
      "fitness_promedio": 0.7000707789737265,
      "macro_f1_validacion": 0.75737368076959,
      "recall_alto_validacion": 0.8780487804878049
    },
    {
      "generacion": 3,
      "mejor_fitness": 0.7952827274228834,
      "fitness_promedio": 0.7242313232612031,
      "macro_f1_validacion": 0.7597667897428089,
      "recall_alto_validacion": 0.9024390243902439
    },
    {
      "generacion": 4,
      "mejor_fitness": 0.7952827274228834,
      "fitness_promedio": 0.7389433076319674,
      "macro_f1_validacion": 0.7597667897428089,
      "recall_alto_validacion": 0.9024390243902439
    },
    {
      "generacion": 5,
      "mejor_fitness": 0.7985353011753163,
      "fitness_promedio": 0.742395256405715,
      "macro_f1_validacion": 0.7642390289449112,
      "recall_alto_validacion": 0.9024390243902439
    },
    {
      "generacion": 6,
      "mejor_fitness": 0.7986212007409675,
      "fitness_promedio": 0.7480192228264015,
      "macro_f1_validacion": 0.7642390289449112,
      "recall_alto_validacion": 0.9024390243902439
    },
    {
      "generacion": 7,
      "mejor_fitness": 0.7986212007409675,
      "fitness_promedio": 0.7474424973899214,
      "macro_f1_validacion": 0.7642390289449112,
      "recall_alto_validacion": 0.9024390243902439
    },
    {
      "generacion": 8,
      "mejor_fitness": 0.7986212007409675,
      "fitness_promedio": 0.7556865419414919,
      "macro_f1_validacion": 0.7642390289449112,
      "recall_alto_validacion": 0.9024390243902439
    },
    {
      "generacion": 9,
      "mejor_fitness": 0.7986212007409675,
      "fitness_promedio": 0.7710772084369301,
      "macro_f1_validacion": 0.7642390289449112,
      "recall_alto_validacion": 0.9024390243902439
    },
    {
      "generacion": 10,
      "mejor_fitness": 0.7986212007409675,
      "fitness_promedio": 0.7735362405441983,
      "macro_f1_validacion": 0.7642390289449112,
      "recall_alto_validacion": 0.9024390243902439
    },
    {
      "generacion": 11,
      "mejor_fitness": 0.7986212007409675,
      "fitness_promedio": 0.7798745976303416,
      "macro_f1_validacion": 0.7642390289449112,
      "recall_alto_validacion": 0.9024390243902439
    },
    {
      "generacion": 12,
      "mejor_fitness": 0.7986212007409675,
      "fitness_promedio": 0.7877023285240478,
      "macro_f1_validacion": 0.7642390289449112,
      "recall_alto_validacion": 0.9024390243902439
    },
    {
      "generacion": 13,
      "mejor_fitness": 0.7986212007409675,
      "fitness_promedio": 0.7837884265033517,
      "macro_f1_validacion": 0.7642390289449112,
      "recall_alto_validacion": 0.9024390243902439
    },
    {
      "generacion": 14,
      "mejor_fitness": 0.7986212007409675,
      "fitness_promedio": 0.7846146062784228,
      "macro_f1_validacion": 0.7642390289449112,
      "recall_alto_validacion": 0.9024390243902439
    },
    {
      "generacion": 15,
      "mejor_fitness": 0.7986212007409675,
      "fitness_promedio": 0.7908434103063801,
      "macro_f1_validacion": 0.7642390289449112,
      "recall_alto_validacion": 0.9024390243902439
    },
    {
      "generacion": 16,
      "mejor_fitness": 0.7986212007409675,
      "fitness_promedio": 0.7897289977079585,
      "macro_f1_validacion": 0.7642390289449112,
      "recall_alto_validacion": 0.9024390243902439
    },
    {
      "generacion": 17,
      "mejor_fitness": 0.8025239314694435,
      "fitness_promedio": 0.787590881091556,
      "macro_f1_validacion": 0.7696078431372548,
      "recall_alto_validacion": 0.9024390243902439
    },
    {
      "generacion": 18,
      "mejor_fitness": 0.8025239314694435,
      "fitness_promedio": 0.7825782495577678,
      "macro_f1_validacion": 0.7696078431372548,
      "recall_alto_validacion": 0.9024390243902439
    },
    {
      "generacion": 19,
      "mejor_fitness": 0.8025239314694435,
      "fitness_promedio": 0.7845953317673532,
      "macro_f1_validacion": 0.7696078431372548,
      "recall_alto_validacion": 0.9024390243902439
    },
    {
      "generacion": 20,
      "mejor_fitness": 0.8025239314694435,
      "fitness_promedio": 0.7897959297543363,
      "macro_f1_validacion": 0.7696078431372548,
      "recall_alto_validacion": 0.9024390243902439
    },
    {
      "generacion": 21,
      "mejor_fitness": 0.8025239314694435,
      "fitness_promedio": 0.783338400296815,
      "macro_f1_validacion": 0.7696078431372548,
      "recall_alto_validacion": 0.9024390243902439
    },
    {
      "generacion": 22,
      "mejor_fitness": 0.8025239314694435,
      "fitness_promedio": 0.785854372446659,
      "macro_f1_validacion": 0.7696078431372548,
      "recall_alto_validacion": 0.9024390243902439
    },
    {
      "generacion": 23,
      "mejor_fitness": 0.8025239314694435,
      "fitness_promedio": 0.7894089329747895,
      "macro_f1_validacion": 0.7696078431372548,
      "recall_alto_validacion": 0.9024390243902439
    },
    {
      "generacion": 24,
      "mejor_fitness": 0.8025239314694435,
      "fitness_promedio": 0.7865951390532071,
      "macro_f1_validacion": 0.7696078431372548,
      "recall_alto_validacion": 0.9024390243902439
    },
    {
      "generacion": 25,
      "mejor_fitness": 0.8025239314694435,
      "fitness_promedio": 0.782407521126489,
      "macro_f1_validacion": 0.7696078431372548,
      "recall_alto_validacion": 0.9024390243902439
    },
    {
      "generacion": 26,
      "mejor_fitness": 0.8025239314694435,
      "fitness_promedio": 0.7845183091870253,
      "macro_f1_validacion": 0.7696078431372548,
      "recall_alto_validacion": 0.9024390243902439
    },
    {
      "generacion": 27,
      "mejor_fitness": 0.8025239314694435,
      "fitness_promedio": 0.7880723724585101,
      "macro_f1_validacion": 0.7696078431372548,