{
  "ruta_csv": "C:\\Users\\josue\\Desktop\\proyecto_ia (actual)\\backend\\src\\riesgo_materno\\datos\\Maternal Health Risk Data Set.csv",
  "mejor_cromosoma": [
    12.136121356384095,
    15.217966061589348,
    19.483483252686845,
    28.055221722675782,
    25.145238272009365,
    32.681655372129114,
    37.95527910287721,
    38.26671388411597,
    35.66005434997537,
    40.323827073555464,
    60.0633354567801,
    69.5724962101379,
    82.31701026527749,
    88.10624696521049,
    110.23763878360833,
    122.24049695231707,
    117.44605547553128,
    125.2867575258617,
    136.41973219347202,
    138.67726348458322,
    133.11311675796145,
    140.58191495982305,
    153.19772616654313,
    156.0079225483141,
    49.83705536451383,
    53.55498589821339,
    71.43886633276631,
    82.6291220760528,
    81.58690498295029,
    82.71916843609333,
    85.63719473789513,
    90.3265427517768,
    89.47540914255488,
    94.90673729848719,
    97.90000640789125,
    99.24036346528995,
    6.265780513138735,
    6.876223088595704,
    8.428982249794192,
    8.782773983254287,
    8.347867479169237,
    10.11864891121408,
    12.07202778327714,
    13.61530100000703,
    12.287121453411139,
    14.235077158160905,
    17.209290513836233,
    17.62492091409994,
    97.08148034590822,
    97.39070996699287,
    98.50718721150481,
    99.27208160031444,
    98.83496545162802,
    99.70681794710319,
    100.64223246020352,
    100.84397922126854,
    100.84397922126854,
    100.88801244606266,
    101.51564297808397,
    102.7491413913639,
    61.96709395317231,
    63.11213430472339,
    70.04839181581532,
    78.2914432867287,
    76.15107996219989,
    80.4442406617928,
    86.69364445545142,
    89.62495770616295
  ],
  "fitness": 0.6583951984644298,
  "macro_f1_validacion": 0.5806770368481449,
  "recall_alto_validacion": 0.9024390243902439,
  "generaciones": 60,
  "historial": [
    {
      "generacion": 0,
      "mejor_fitness": 0.5827201447531029,
      "fitness_promedio": 0.460572423488653,
      "macro_f1_validacion": 0.5589206309254132,
      "recall_alto_validacion": 0.6585365853658537
    },
    {
      "generacion": 1,
      "mejor_fitness": 0.5914762519104432,
      "fitness_promedio": 0.5225474216563288,
      "macro_f1_validacion": 0.5183621933621934,
      "recall_alto_validacion": 0.8292682926829268
    },
    {
      "generacion": 2,
      "mejor_fitness": 0.5914762519104432,
      "fitness_promedio": 0.5376367697588735,
      "macro_f1_validacion": 0.5183621933621934,
      "recall_alto_validacion": 0.8292682926829268
    },
    {
      "generacion": 3,
      "mejor_fitness": 0.603135150356932,
      "fitness_promedio": 0.5618971308214378,
      "macro_f1_validacion": 0.5389154680089555,
      "recall_alto_validacion": 0.8048780487804879
    },
    {
      "generacion": 4,
      "mejor_fitness": 0.6076702432489521,
      "fitness_promedio": 0.5663548794530678,
      "macro_f1_validacion": 0.5384998443821973,
      "recall_alto_validacion": 0.8292682926829268
    },
    {
      "generacion": 5,
      "mejor_fitness": 0.6096265519340818,
      "fitness_promedio": 0.5729065196724563,
      "macro_f1_validacion": 0.5418530020703933,
      "recall_alto_validacion": 0.8292682926829268
    },
    {
      "generacion": 6,
      "mejor_fitness": 0.6096265519340818,
      "fitness_promedio": 0.5856335712771079,
      "macro_f1_validacion": 0.5418530020703933,
      "recall_alto_validacion": 0.8292682926829268
    },
    {
      "generacion": 7,
      "mejor_fitness": 0.6181008216113166,
      "fitness_promedio": 0.5985836665594749,
      "macro_f1_validacion": 0.5443452502276033,
      "recall_alto_validacion": 0.8536585365853658
    },
    {
      "generacion": 8,
      "mejor_fitness": 0.6181008216113166,
      "fitness_promedio": 0.6016242259442733,
      "macro_f1_validacion": 0.5443452502276033,
      "recall_alto_validacion": 0.8536585365853658
    },
    {
      "generacion": 9,
      "mejor_fitness": 0.6181008216113166,
      "fitness_promedio": 0.6021172966356753,
      "macro_f1_validacion": 0.5443452502276033,
      "recall_alto_validacion": 0.8536585365853658
    },
    {
      "generacion": 10,
      "mejor_fitness": 0.6181008216113166,
      "fitness_promedio": 0.6064059513946437,
      "macro_f1_validacion": 0.5443452502276033,
      "recall_alto_validacion": 0.8536585365853658
    },
    {
      "generacion": 11,
      "mejor_fitness": 0.6181008216113166,
      "fitness_promedio": 0.6070365573411783,
      "macro_f1_validacion": 0.5443452502276033,
      "recall_alto_validacion": 0.8536585365853658
    },
    {
      "generacion": 12,
      "mejor_fitness": 0.6195992460421302,
      "fitness_promedio": 0.6090090576360243,
      "macro_f1_validacion": 0.5539356968603467,
      "recall_alto_validacion": 0.8292682926829268
    },
    {
      "generacion": 13,
      "mejor_fitness": 0.6235229815798812,
      "fitness_promedio": 0.6117074316693963,
      "macro_f1_validacion": 0.5429478884382005,
      "recall_alto_validacion": 0.8780487804878049
    },
    {
      "generacion": 14,
      "mejor_fitness": 0.6235229815798812,
      "fitness_promedio": 0.6115839979907443,
      "macro_f1_validacion": 0.5429478884382005,
      "recall_alto_validacion": 0.8780487804878049
    },
    {
      "generacion": 15,
      "mejor_fitness": 0.630202691902799,
      "fitness_promedio": 0.6134442884562412,
      "macro_f1_validacion": 0.5846349206349206,
      "recall_alto_validacion": 0.7804878048780488
    },
    {
      "generacion": 16,
      "mejor_fitness": 0.630202691902799,
      "fitness_promedio": 0.6148774480420518,
      "macro_f1_validacion": 0.5846349206349206,
      "recall_alto_validacion": 0.7804878048780488
    },
    {
      "generacion": 17,
      "mejor_fitness": 0.630202691902799,
      "fitness_promedio": 0.612958836120215,
      "macro_f1_validacion": 0.5846349206349206,
      "recall_alto_validacion": 0.7804878048780488
    },
    {
      "generacion": 18,
      "mejor_fitness": 0.6302217936665127,
      "fitness_promedio": 0.6186960114882273,
      "macro_f1_validacion": 0.5846349206349206,
      "recall_alto_validacion": 0.7804878048780488
    },
    {
      "generacion": 19,
      "mejor_fitness": 0.6302217936665127,
      "fitness_promedio": 0.618016368654726,
      "macro_f1_validacion": 0.5846349206349206,
      "recall_alto_validacion": 0.7804878048780488
    },
    {
      "generacion": 20,
      "mejor_fitness": 0.6302217936665127,
      "fitness_promedio": 0.617399660177263,
      "macro_f1_validacion": 0.5846349206349206,
      "recall_alto_validacion": 0.7804878048780488
    },
    {
      "generacion": 21,
      "mejor_fitness": 0.63028072621667,
      "fitness_promedio": 0.6159173824615756,
      "macro_f1_validacion": 0.5846349206349206,
      "recall_alto_validacion": 0.7804878048780488
    },
    {
      "generacion": 22,
      "mejor_fitness": 0.6302825603173832,
      "fitness_promedio": 0.6172301971228369,
      "macro_f1_validacion": 0.5846349206349206,
      "recall_alto_validacion": 0.7804878048780488
    },
    {
      "generacion": 23,
      "mejor_fitness": 0.6360058384462751,
      "fitness_promedio": 0.6157515856335541,
      "macro_f1_validacion": 0.5759485848473612,
      "recall_alto_validacion": 0.8292682926829268
    },
    {
      "generacion": 24,
      "mejor_fitness": 0.6360058384462751,
      "fitness_promedio": 0.6147088305016171,
      "macro_f1_validacion": 0.5759485848473612,
      "recall_alto_validacion": 0.8292682926829268
    },
    {
      "generacion": 25,
      "mejor_fitness": 0.6360058384462751,
      "fitness_promedio": 0.6213469101522223,
      "macro_f1_validacion": 0.5759485848473612,
      "recall_alto_validacion": 0.8292682926829268
    },
    {
      "generacion": 26,
      "mejor_fitness": 0.6360058384462751,
      "fitness_promedio": 0.6191601366746918,
      "macro_f1_validacion": 0.5759485848473612,