{
  "ruta_csv": "C:\\Users\\josue\\Desktop\\proyecto_ia (actual)\\backend\\src\\riesgo_materno\\datos\\Maternal Health Risk Data Set.csv",
  "mejor_cromosoma": [
    11.282327809798591,
    14.152577790350875,
    21.358207036763012,
    25.77046482195755,
    21.63682792689268,
    28.624395075534657,
    34.78543116234805,
    37.12614131050806,
    35.52871394211981,
    39.66906727036199,
    69.46058887411517,
    69.97743062971975,
    70.0,
    70.0,
    109.26764082866598,
    124.42318269100132,
    121.00166401488985,
    129.43177763019446,
    135.3542837608623,
    143.45617089091058,
    141.70501086831518,
    148.9174953181368,
    153.90189862052898,
    159.20926390961608,
    49.04334045926915,
    50.22586772744327,
    69.5118567580812,
    80.66088582050145,
    76.27410135468347,
    81.70052420292402,
    89.4181123637994,
    93.59074741981308,
    91.47190277215313,
    97.33077686010246,
    100.0,
    100.0,
    6.182602948630428,
    6.510985644309145,
    7.15191748823574,
    8.551380386098707,
    7.840747153319359,
    8.962320000419204,
    11.769145249736342,
    13.807414955044814,
    12.300258689824513,
    13.526613620208217,
    19.0,
    19.0,
    97.08236237897862,
    97.26515561534117,
    98.31377329826383,
    99.5396645323424,
    99.0198105066863,
    100.02533964684912,
    100.94050872613033,
    101.37403002744958,
    101.20856323885269,
    101.68241015189125,
    102.84818265601938,
    102.99371801246116,
    60.06573373971759,
    61.98673442166233,
    71.96539725516993,
    79.30486883036247,
    76.19151821328644,
    81.28447575111541,
    90.0,
    90.0
  ],
  "fitness": 0.7913617489035186,
  "macro_f1": 0.7716842336407553,
  "recall_alto": 0.8536585365853658,
  "generaciones": 60,
  "historial": [
    {
      "generacion": 0,
      "fitness": 0.7607138572124315,
      "fitness_promedio": 0.47148139137929385,
      "macro_f1": 0.7397110865914276,
      "recall_alto": 0.8292682926829268
    },
    {
      "generacion": 1,
      "fitness": 0.7607138572124315,
      "fitness_promedio": 0.5735199704028023,
      "macro_f1": 0.7397110865914276,
      "recall_alto": 0.8292682926829268
    },
    {
      "generacion": 2,
      "fitness": 0.7607138572124315,
      "fitness_promedio": 0.604676066954492,
      "macro_f1": 0.7397110865914276,
      "recall_alto": 0.8292682926829268
    },
    {
      "generacion": 3,
      "fitness": 0.7607138572124315,
      "fitness_promedio": 0.6098929732683254,
      "macro_f1": 0.7397110865914276,
      "recall_alto": 0.8292682926829268
    },
    {
      "generacion": 4,
      "fitness": 0.7607138572124315,
      "fitness_promedio": 0.6328484871230835,
      "macro_f1": 0.7397110865914276,
      "recall_alto": 0.8292682926829268
    },
    {
      "generacion": 5,
      "fitness": 0.7607138572292516,
      "fitness_promedio": 0.662496207079228,
      "macro_f1": 0.7397110865914276,
      "recall_alto": 0.8292682926829268
    },
    {
      "generacion": 6,
      "fitness": 0.7607138572292516,
      "fitness_promedio": 0.6931557965488101,
      "macro_f1": 0.7397110865914276,
      "recall_alto": 0.8292682926829268
    },
    {
      "generacion": 7,
      "fitness": 0.7607791834710217,
      "fitness_promedio": 0.7277230692054091,
      "macro_f1": 0.7397110865914276,
      "recall_alto": 0.8292682926829268
    },
    {
      "generacion": 8,
      "fitness": 0.7613977830151567,
      "fitness_promedio": 0.7294697795139582,
      "macro_f1": 0.7397110865914276,
      "recall_alto": 0.8292682926829268
    },
    {
      "generacion": 9,
      "fitness": 0.7614144840105456,
      "fitness_promedio": 0.7390935042980693,
      "macro_f1": 0.7397110865914276,
      "recall_alto": 0.8292682926829268
    },
    {
      "generacion": 10,
      "fitness": 0.7614262997384762,
      "fitness_promedio": 0.744165439187886,
      "macro_f1": 0.7397110865914276,
      "recall_alto": 0.8292682926829268
    },
    {
      "generacion": 11,
      "fitness": 0.780833648546446,
      "fitness_promedio": 0.733769321877915,
      "macro_f1": 0.7660021524112132,
      "recall_alto": 0.8292682926829268
    },
    {
      "generacion": 12,
      "fitness": 0.7669502924301762,
      "fitness_promedio": 0.7220627132724381,
      "macro_f1": 0.7470465162975284,
      "recall_alto": 0.8292682926829268
    },
    {
      "generacion": 13,
      "fitness": 0.7636005798453745,
      "fitness_promedio": 0.7213537692018549,
      "macro_f1": 0.7505882157834619,
      "recall_alto": 0.8048780487804879
    },
    {
      "generacion": 14,
      "fitness": 0.7613604682356843,
      "fitness_promedio": 0.7396074839732862,
      "macro_f1": 0.7397110865914276,
      "recall_alto": 0.8292682926829268
    },
    {
      "generacion": 15,
      "fitness": 0.7747699740193901,
      "fitness_promedio": 0.740699913722238,
      "macro_f1": 0.7577163878325424,
      "recall_alto": 0.8292682926829268
    },
    {
      "generacion": 16,
      "fitness": 0.7613487290196302,
      "fitness_promedio": 0.7483380761700835,
      "macro_f1": 0.7397110865914276,
      "recall_alto": 0.8292682926829268
    },
    {
      "generacion": 17,
      "fitness": 0.7613615934925402,
      "fitness_promedio": 0.7461464775468505,
      "macro_f1": 0.7397110865914276,
      "recall_alto": 0.8292682926829268
    },
    {
      "generacion": 18,
      "fitness": 0.7627388987636421,
      "fitness_promedio": 0.7461380887490546,
      "macro_f1": 0.7417970707724012,
      "recall_alto": 0.8292682926829268
    },
    {
      "generacion": 19,
      "fitness": 0.7613574814376326,
      "fitness_promedio": 0.7501941307778792,
      "macro_f1": 0.7397110865914276,
      "recall_alto": 0.8292682926829268
    },
    {
      "generacion": 20,
      "fitness": 0.7666721147585589,
      "fitness_promedio": 0.74756069770147,
      "macro_f1": 0.7470231129161159,
      "recall_alto": 0.8292682926829268
    },
    {
      "generacion": 21,
      "fitness": 0.7667775723573853,
      "fitness_promedio": 0.748044239645712,
      "macro_f1": 0.7470231129161159,
      "recall_alto": 0.8292682926829268
    },
    {
      "generacion": 22,
      "fitness": 0.7798191094910178,
      "fitness_promedio": 0.7506728717149295,
      "macro_f1": 0.7645998572907516,
      "recall_alto": 0.8292682926829268
    },
    {
      "generacion": 23,
      "fitness": 0.7666612602838756,
      "fitness_promedio": 0.7491536155830438,
      "macro_f1": 0.7470231129161159,
      "recall_alto": 0.8292682926829268
    },
    {
      "generacion": 24,
      "fitness": 0.7667503322356661,
      "fitness_promedio": 0.7531997512879662,
      "macro_f1": 0.7470231129161159,
      "recall_alto": 0.8292682926829268
    },
    {
      "generacion": 25,
      "fitness": 0.779717168607259,
      "fitness_promedio": 0.7533942559432947,
      "macro_f1": 0.7645998572907516,
      "recall_alto": 0.8292682926829268
    },
    {
      "generacion": 26,
      "fitness": 0.7796947151309215,
      "fitness_promedio": 0.7506354812133422,
      "macro_f1": 0.7645998572907516,
      "recall_alto": 0.8292682926829268
    },
    {
      "generacion": 27,
      "fitness": 0.7767417645204151,
      "fitness_promedio": 0.7516971008606407,
      "macro_f1": 0.7523614046911539,
      "recall_alto": 0.8536585365853658
    },
    {
      "generacion": 28,
      "fitness": 0.771043179075455,
      "fitness_promedio": 0.7496485389091287,
      "macro_f1": 0.7450138402113394,
      "recall_alto": 0.8536585365853658
    },
    {
      "generacion": 29,
      "fitness": 0.7710205513341966,
      "fitness_promedio": 0.747761782207998,
      "macro_f1": 0.7450138402113394,
      "recall_alto": 0.8536585365853658
    },
    {
      "generacion": 30,
      "fitness": 0.7673712382281662,
      "fitness_promedio": 0.7546186742457935,
      "macro_f1": 0.7397718358128778,
      "recall_alto": 0.8536585365853658
    },
    {
      "generacion": 31,
      "fitness": 0.7673712382281662,