{
  "ruta_csv": "C:\\Users\\josue\\Desktop\\proyecto_ia (actual)\\backend\\src\\riesgo_materno\\datos\\Maternal Health Risk Data Set.csv",
  "mejor_cromosoma": [
    10.003553887005921,
    10.140570654601554,
    21.525382658280254,
    27.457967716745756,
    24.258823453471848,
    28.27976220466605,
    33.31028657546396,
    37.247802086201446,
    34.01887310719082,
    40.25953136470217,
    68.80874770098171,
    69.80970087011517,
    70.01041773692316,
    70.12778471136374,
    109.52790711776127,
    122.68434889474551,
    119.07264009225793,
    120.25080127273034,
    134.6866954399934,
    143.0763101965265,
    137.48667297980555,
    140.14110925753835,
    156.41261279386,
    159.8205587584709,
    49.0,
    49.0,
    69.92755961684574,
    81.70386252967253,
    77.0279684507945,
    82.7854792675804,
    91.78560768192074,
    94.1448215835326,
    92.86844464334061,
    97.78992167280177,
    100.0,
    100.0,
    6.0,
    7.326781949501495,
    7.545343382645777,
    8.520044123869074,
    7.789584248590057,
    8.006826889321147,
    12.416722969532076,
    13.172498648273574,
    12.611171081431399,
    14.1513566960662,
    18.639277710877792,
    18.82480053543769,
    97.00743167158461,
    97.18141158921334,
    98.8918240101101,
    99.51479191258346,
    99.16804543097055,
    99.87146025867406,
    100.94233438736921,
    101.45228185402023,
    100.80542205199393,
    101.49147668379605,
    103.0,
    103.0,
    60.984245077772,
    61.45305223808724,
    72.76971506896854,
    79.93180314814383,
    76.21021645289628,
    81.89778906287167,
    89.24516926743541,
    89.92006725918088
  ],
  "fitness": 0.5864877175495821,
  "macro_f1_validacion": 0.6037755171047928,
  "recall_alto_validacion": 0.8292682926829268,
  "generaciones": 60
}