{
  "ruta_csv": "C:\\Users\\josue\\Desktop\\proyecto_ia (actual)\\backend\\src\\riesgo_materno\\datos\\Maternal Health Risk Data Set.csv",
  "mejor_cromosoma": [
    10.144661818951711,
    11.200692005735817,
    23.007508988199305,
    24.021897535673208,
    21.977768608453857,
    27.653748508358728,
    33.146071212198194,
    38.245499593820625,
    36.843717914049485,
    46.98787178287769,
    67.0077200553085,
    69.57712409471284,
    70.73154134969158,
    85.62270749184063,
    107.36897814281052,
    127.14646370154259,
    122.29029524415134,
    129.7368074276594,
    140.1405576965465,
    141.82303839435042,
    139.22475310992672,
    146.02826287260163,
    153.90498306870825,
    159.861780857116,
    49.0,
    49.0,
    71.81257655056055,
    84.59947908862067,
    82.0666654882076,
    87.73909328097723,
    91.21469991424017,
    92.50265289896006,
    91.93968480282115,
    93.2480318889289,
    100.0,
    100.0,
    6.7840970319970255,
    7.081518096473854,
    7.475502867647604,
    8.002951925269267,
    7.656192533141747,
    8.580545091255171,
    12.847592554076668,
    14.147015095944404,
    12.454382803459916,
    13.551283864998554,
    18.418526446596296,
    18.998152012300743,
    97.00255218133728,
    97.22616652117723,
    98.13556384150993,
    99.37533020229077,
    99.34779640645806,
    99.80245502594757,
    100.81632599351835,
    101.3986588280641,
    100.94540156364366,
    101.40881783987888,
    102.92720505487573,
    102.99996769346029,
    60.25376349227352,
    60.65036701718307,
    73.22650438645931,
    79.10282503501055,
    75.61308381364734,
    80.12272761064884,
    89.1791439517515,
    90.0
  ],
  "fitness": 0.6914992545401929,
  "macro_f1_validacion": 0.6721659942212231,
  "recall_alto_validacion": 0.7560975609756098,
  "generaciones": 60,
  "historial": [
    {
      "generacion": 0,
      "mejor_fitness": 0.6281809476686956,
      "fitness_promedio": 0.4890455854758259,
      "macro_f1_validacion": 0.5957666039622418,
      "recall_alto_validacion": 0.7317073170731707
    },
    {
      "generacion": 1,
      "mejor_fitness": 0.6281920630824476,
      "fitness_promedio": 0.5384698785903747,
      "macro_f1_validacion": 0.5957666039622418,
      "recall_alto_validacion": 0.7317073170731707
    },
    {
      "generacion": 2,
      "mejor_fitness": 0.6281920630824476,
      "fitness_promedio": 0.5387132077800565,
      "macro_f1_validacion": 0.5957666039622418,
      "recall_alto_validacion": 0.7317073170731707
    },
    {
      "generacion": 3,
      "mejor_fitness": 0.6281994534422883,
      "fitness_promedio": 0.5330465201916449,
      "macro_f1_validacion": 0.5957666039622418,
      "recall_alto_validacion": 0.7317073170731707
    },
    {
      "generacion": 4,
      "mejor_fitness": 0.6282105131702204,
      "fitness_promedio": 0.558683065598471,
      "macro_f1_validacion": 0.5957666039622418,
      "recall_alto_validacion": 0.7317073170731707
    },
    {
      "generacion": 5,
      "mejor_fitness": 0.6282105131702204,
      "fitness_promedio": 0.5805031214998128,
      "macro_f1_validacion": 0.5957666039622418,
      "recall_alto_validacion": 0.7317073170731707
    },
    {
      "generacion": 6,
      "mejor_fitness": 0.6352187316146022,
      "fitness_promedio": 0.6090288814001561,
      "macro_f1_validacion": 0.60507610176063,
      "recall_alto_validacion": 0.7317073170731707
    },
    {
      "generacion": 7,
      "mejor_fitness": 0.6354555352155326,
      "fitness_promedio": 0.6181326826804255,
      "macro_f1_validacion": 0.6055483844530497,
      "recall_alto_validacion": 0.7317073170731707
    },
    {
      "generacion": 8,
      "mejor_fitness": 0.6354555352155326,
      "fitness_promedio": 0.6199959731810949,
      "macro_f1_validacion": 0.6055483844530497,
      "recall_alto_validacion": 0.7317073170731707
    },
    {
      "generacion": 9,
      "mejor_fitness": 0.6392150715806733,
      "fitness_promedio": 0.6219063169110993,
      "macro_f1_validacion": 0.6023147395240419,
      "recall_alto_validacion": 0.7560975609756098
    },
    {
      "generacion": 10,
      "mejor_fitness": 0.6392677027938064,
      "fitness_promedio": 0.6257005271666156,
      "macro_f1_validacion": 0.6023147395240419,
      "recall_alto_validacion": 0.7560975609756098
    },
    {
      "generacion": 11,
      "mejor_fitness": 0.6392677027938064,
      "fitness_promedio": 0.6275573096273213,
      "macro_f1_validacion": 0.6023147395240419,
      "recall_alto_validacion": 0.7560975609756098
    },
    {
      "generacion": 12,
      "mejor_fitness": 0.6392713330066642,
      "fitness_promedio": 0.6262907380869209,
      "macro_f1_validacion": 0.6023147395240419,
      "recall_alto_validacion": 0.7560975609756098
    },
    {
      "generacion": 13,
      "mejor_fitness": 0.6392713330066642,
      "fitness_promedio": 0.6277204773360576,
      "macro_f1_validacion": 0.6023147395240419,
      "recall_alto_validacion": 0.7560975609756098
    },
    {
      "generacion": 14,
      "mejor_fitness": 0.6392766642573634,
      "fitness_promedio": 0.6259231873222436,
      "macro_f1_validacion": 0.6023147395240419,
      "recall_alto_validacion": 0.7560975609756098
    },
    {
      "generacion": 15,
      "mejor_fitness": 0.639502144380226,
      "fitness_promedio": 0.6297992603775039,
      "macro_f1_validacion": 0.61083244667376,
      "recall_alto_validacion": 0.7317073170731707
    },
    {
      "generacion": 16,
      "mejor_fitness": 0.650697199597105,
      "fitness_promedio": 0.6275621356680763,
      "macro_f1_validacion": 0.6176248923341946,
      "recall_alto_validacion": 0.7560975609756098
    },
    {
      "generacion": 17,
      "mejor_fitness": 0.6507257099690767,
      "fitness_promedio": 0.6257369610170107,
      "macro_f1_validacion": 0.6176248923341946,
      "recall_alto_validacion": 0.7560975609756098
    },
    {
      "generacion": 18,
      "mejor_fitness": 0.6507257099690767,
      "fitness_promedio": 0.631633272312532,
      "macro_f1_validacion": 0.6176248923341946,
      "recall_alto_validacion": 0.7560975609756098
    },
    {
      "generacion": 19,
      "mejor_fitness": 0.6507257099690767,
      "fitness_promedio": 0.6312801945312555,
      "macro_f1_validacion": 0.6176248923341946,
      "recall_alto_validacion": 0.7560975609756098
    },
    {
      "generacion": 20,
      "mejor_fitness": 0.6507257099690767,
      "fitness_promedio": 0.6242307928887947,
      "macro_f1_validacion": 0.6176248923341946,
      "recall_alto_validacion": 0.7560975609756098
    },
    {
      "generacion": 21,
      "mejor_fitness": 0.6507257099690767,
      "fitness_promedio": 0.6304797693378186,
      "macro_f1_validacion": 0.6176248923341946,
      "recall_alto_validacion": 0.7560975609756098
    },
    {
      "generacion": 22,
      "mejor_fitness": 0.6507257099690767,
      "fitness_promedio": 0.628443674998003,
      "macro_f1_validacion": 0.6176248923341946,
      "recall_alto_validacion": 0.7560975609756098
    },
    {
      "generacion": 23,
      "mejor_fitness": 0.6507257099690767,
      "fitness_promedio": 0.6247453604354937,
      "macro_f1_validacion": 0.6176248923341946,
      "recall_alto_validacion": 0.7560975609756098
    },
    {
      "generacion": 24,
      "mejor_fitness": 0.6507257099690767,
      "fitness_promedio": 0.6301117981389642,
      "macro_f1_validacion": 0.6176248923341946,
      "recall_alto_validacion": 0.7560975609756098
    },
    {
      "generacion": 25,
      "mejor_fitness": 0.6507257099690767,
      "fitness_promedio": 0.6306341275646078,
      "macro_f1_validacion": 0.6176248923341946,
      "recall_alto_validacion": 0.7560975609756098
    },
    {
      "generacion": 26,
      "mejor_fitness": 0.654651623240352,
      "fitness_promedio": 0.6341610060372507,
      "macro_f1_validacion": 0.6230600897372573,
      "recall_alto_validacion": 0.7560975609756098
    },
    {
      "generacion": 27,