{
  "ruta_csv": "C:\\Users\\josue\\Desktop\\proyecto_ia (actual)\\backend\\src\\riesgo_materno\\datos\\Maternal Health Risk Data Set.csv",
  "mejor_cromosoma": [
    10.600322841283631,
    11.987253561522666,
    24.651292904015655,
    27.922417921097743,
    23.891455656251498,
    24.738408330133186,
    33.14637953954733,
    37.32799652835043,
    34.03164043475118,
    35.69911128925396,
    68.1237586319032,
    69.98079089477204,
    70.0,
    76.54597742720789,
    110.31243238904796,
    124.45347556822819,
    117.27780728315497,
    126.61508143854195,
    133.7708957803318,
    147.44774961487406,
    144.72093111332106,
    150.33035389853643,
    157.14113651461162,
    159.7325731833958,
    49.0231093811175,
    49.281622490851646,
    66.83855235958542,
    81.47645590949007,
    81.47645590949007,
    84.02721976087662,
    90.72100516276632,
    92.13297220071306,
    88.95683414503006,
    96.06535659139816,
    100.0,
    100.0,
    6.853507532515069,
    7.097766937493597,
    7.2177993973292836,
    8.121380871236529,
    8.073175071718063,
    9.225302654994723,
    12.13314832640229,
    13.334586788276276,
    11.957702744941702,
    13.838207665993664,
    17.946516321680527,
    19.0,
    97.06185375737503,
    97.26974813036998,
    98.43428857851809,
    99.4739775215783,
    99.1579087701488,
    100.0552431331577,
    101.06094237314247,
    101.4537978434129,
    101.35975783127542,
    101.59827222563197,
    102.98248795737301,
    102.98391444447176,
    60.3220711032059,
    61.68450535786733,
    70.88488085123052,
    79.8954722935469,
    75.85141250014334,
    81.30300502809678,
    86.8928385075238,
    89.33161180380876
  ],
  "fitness": 0.6955962875854032,
  "macro_f1_validacion": 0.6365707228734362,
  "recall_alto_validacion": 0.8780487804878049,
  "generaciones": 60
}