label,precision,recall,f1-score,support
low risk,0.6,0.3387096774193548,0.43298969072164945,62
mid risk,0.325,0.7647058823529411,0.456140350877193,51
high risk,0.0,0.0,0.0,42
accuracy,0.3870967741935484,0.3870967741935484,0.3870967741935484,155
macro avg,0.30833333333333335,0.3678051865907653,0.29637668053294747,155
weighted avg,0.3469354838709677,0.3870967741935484,0.3232807659321233,155
