metric,base,optimized,delta
MacroF1 train,0.2793385612607581,0.4272846797973588,0.14794611853660067
MacroF1 validation,0.29211791021637545,0.5042042612066528,0.2120863509902774
MacroF1 test,0.29637668053294747,0.4596287153200369,0.16325203478708944
Recall high validation,0.0,0.275,0.275
Recall high test,0.0,0.21428571428571427,0.21428571428571427
Balanced accuracy test,0.3678051865907653,0.4622149935242914,0.09440980693352613
