label,precision,recall,f1-score,support
low risk,0.625,0.5645161290322581,0.5932203389830509,62
mid risk,0.3522727272727273,0.6078431372549019,0.4460431654676259,51
high risk,0.8181818181818182,0.21428571428571427,0.33962264150943394,42
accuracy,0.4838709677419355,0.4838709677419355,0.4838709677419355,155
macro avg,0.5984848484848485,0.4622149935242914,0.4596287153200369,155
weighted avg,0.5876099706744868,0.4838709677419355,0.4760775058012536,155
